title,score,id,url,num_comments,created
2020 Abu Dhabi Grand Prix - Post Race Discussion,434,kcbt7c,https://www.reddit.com/r/formula1/comments/kcbt7c/2020_abu_dhabi_grand_prix_post_race_discussion/,1860,1607899855.0
2020 Abu Dhabi Grand Prix - Race Discussion,318,kca5h2,https://www.reddit.com/r/formula1/comments/kca5h2/2020_abu_dhabi_grand_prix_race_discussion/,10964,1607892919.0
2020 Sakhir Grand Prix - Post Race Discussion,1726,k7zd8n,https://www.reddit.com/r/formula1/comments/k7zd8n/2020_sakhir_grand_prix_post_race_discussion/,5558,1607309043.0
2020 Sakhir Grand Prix - Race Discussion,722,k7x9bw,https://www.reddit.com/r/formula1/comments/k7x9bw/2020_sakhir_grand_prix_race_discussion/,32049,1607302538.0
2020 Bahrain Grand Prix - Post Race Discussion,881,k3d1bg,https://www.reddit.com/r/formula1/comments/k3d1bg/2020_bahrain_grand_prix_post_race_discussion/,2103,1606698809.0
2020 Bahrain Grand Prix - Race Discussion,1022,k39qw7,https://www.reddit.com/r/formula1/comments/k39qw7/2020_bahrain_grand_prix_race_discussion/,23674,1606686923.0
2020 Turkish Grand Prix - Post Race Discussion,1316,juksd5,https://www.reddit.com/r/formula1/comments/juksd5/2020_turkish_grand_prix_post_race_discussion/,3896,1605470158.0
2020 Turkish Grand Prix - Race Discussion,593,jujlba,https://www.reddit.com/r/formula1/comments/jujlba/2020_turkish_grand_prix_race_discussion/,18783,1605462928.0
2020 Emilia Romagna Grand Prix - Post Race Discussion,573,jm2ehe,https://www.reddit.com/r/formula1/comments/jm2ehe/2020_emilia_romagna_grand_prix_post_race/,2661,1604266910.0
2020 Emilia Romagna Grand Prix - Race Discussion,409,jm129v,https://www.reddit.com/r/formula1/comments/jm129v/2020_emilia_romagna_grand_prix_race_discussion/,19193,1604260528.0
2020 Portuguese Grand Prix - Post Race Discussion,490,jhufp1,https://www.reddit.com/r/formula1/comments/jhufp1/2020_portuguese_grand_prix_post_race_discussion/,2099,1603665795.0
2020 Portuguese Grand Prix - Race Discussion,424,jhsw5k,https://www.reddit.com/r/formula1/comments/jhsw5k/2020_portuguese_grand_prix_race_discussion/,14750,1603659320.0
2020 Eifel Grand Prix - Post Race Discussion,666,j95p8o,https://www.reddit.com/r/formula1/comments/j95p8o/2020_eifel_grand_prix_post_race_discussion/,2413,1602452964.0
2020 Eifel Grand Prix - Race Discussion,362,j944pf,https://www.reddit.com/r/formula1/comments/j944pf/2020_eifel_grand_prix_race_discussion/,15084,1602446106.0
2020 Russian Grand Prix - Post Race Discussion,407,j0qj8j,https://www.reddit.com/r/formula1/comments/j0qj8j/2020_russian_grand_prix_post_race_discussion/,2201,1601239662.0
2020 Russian Grand Prix - Race Discussion,273,j0p7du,https://www.reddit.com/r/formula1/comments/j0p7du/2020_russian_grand_prix_race_discussion/,12989,1601232931.0
2020 Tuscan Grand Prix - Post Race Discussion,826,is0boz,https://www.reddit.com/r/formula1/comments/is0boz/2020_tuscan_grand_prix_post_race_discussion/,2791,1600039986.0
2020 Tuscan Grand Prix - Race Discussion,1273,irxrei,https://www.reddit.com/r/formula1/comments/irxrei/2020_tuscan_grand_prix_race_discussion/,34758,1600030513.0
2020 Italian Grand Prix - Post Race Discussion,2151,innflv,https://www.reddit.com/r/formula1/comments/innflv/2020_italian_grand_prix_post_race_discussion/,4483,1599433239.0
2020 Italian Grand Prix - Race Discussion,1271,inljcz,https://www.reddit.com/r/formula1/comments/inljcz/2020_italian_grand_prix_race_discussion/,31987,1599425737.0
2020 Belgian Grand Prix - Post Race Discussion,529,ijdo0k,https://www.reddit.com/r/formula1/comments/ijdo0k/2020_belgian_grand_prix_post_race_discussion/,2555,1598827084.0
2020 Belgian Grand Prix - Race Discussion,389,ijc8v4,https://www.reddit.com/r/formula1/comments/ijc8v4/2020_belgian_grand_prix_race_discussion/,14474,1598820933.0
2020 Spanish Grand Prix - Post Race Discussion,704,iatj9u,https://www.reddit.com/r/formula1/comments/iatj9u/2020_spanish_grand_prix_post_race_discussion/,2870,1597617912.0
2020 Spanish Grand Prix - Race Discussion,466,iarvot,https://www.reddit.com/r/formula1/comments/iarvot/2020_spanish_grand_prix_race_discussion/,14778,1597611319.0
2020 70th Anniversary Grand Prix - Post Race Discussion,940,i6kaoc,https://www.reddit.com/r/formula1/comments/i6kaoc/2020_70th_anniversary_grand_prix_post_race/,3640,1597012386.0
2020 70th Anniversary Grand Prix - Race Discussion,538,i6ivem,https://www.reddit.com/r/formula1/comments/i6ivem/2020_70th_anniversary_grand_prix_race_discussion/,16692,1597006541.0
2020 British Grand Prix - Post Race Discussion,1305,i2d4h5,https://www.reddit.com/r/formula1/comments/i2d4h5/2020_british_grand_prix_post_race_discussion/,4725,1596408090.0
2020 British Grand Prix - Race Discussion,475,i2blon,https://www.reddit.com/r/formula1/comments/i2blon/2020_british_grand_prix_race_discussion/,17911,1596401714.0
2020 Hungarian Grand Prix - Post Race Discussion,919,hu1nvs,https://www.reddit.com/r/formula1/comments/hu1nvs/2020_hungarian_grand_prix_post_race_discussion/,3250,1595198971.0
2020 Hungarian Grand Prix - Race Discussion,548,hu02ev,https://www.reddit.com/r/formula1/comments/hu02ev/2020_hungarian_grand_prix_race_discussion/,16434,1595192164.0
2020 Styrian Grand Prix - Post Race Discussion,830,hpvgyb,https://www.reddit.com/r/formula1/comments/hpvgyb/2020_styrian_grand_prix_post_race_discussion/,2532,1594593815.0
2020 Styrian Grand Prix - Race Discussion,645,hptyko,https://www.reddit.com/r/formula1/comments/hptyko/2020_styrian_grand_prix_race_discussion/,15746,1594587333.0
2020 Austrian Grand Prix - Post Race Discussion,1523,hlntti,https://www.reddit.com/r/formula1/comments/hlntti/2020_austrian_grand_prix_post_race_discussion/,3393,1593989420.0
2020 Austrian Grand Prix - Race Discussion,782,hlm6s5,https://www.reddit.com/r/formula1/comments/hlm6s5/2020_austrian_grand_prix_race_discussion/,22797,1593982534.0
